supplier_code;category_id;reminder_id;supplier_name;periode_awal;periode_akhir;periode_bulan;no_raf;no_raf_referensi;store;toko_id;nominal;remarks;created_date;created_time;updated_date;updated_time;
02854;1;3;PT. SARANA ABADI MAKMUR BERSAMA(DF);2026-08-11;2026-08-11;2026-08-11;FDF/000047/LOC/8001/08/2026;;JAKARTA SELATAN;8001; 35000000;;2026-08-11;10:17:53;2026-08-11;10:27:18;
03451;1;3;PT. PANGAN LESTARI (KEWPIE/BALI);2026-06-15;2026-12-15;2026-08-11;GF/000044/LOC/9901/08/2026;;BALI;9901; 25000000;;2026-08-11;11:28:47;2026-08-11;12:13:40;
00164;1;3;PT. INBISCO NIAGATAMA SEMESTA;2026-08-01;2026-12-31;2026-08-07;GF/000047/LOC/9919/08/2026;;TANGERANG;9919; 60000000;;2026-08-07;16:21:54;2026-08-07;17:37:12;
00164;1;3;PT. INBISCO NIAGATAMA SEMESTA;2026-08-01;2026-12-31;2026-08-11;GF/000048/LOC/9919/08/2026;;TANGERANG;9919; 41700000;;2026-08-11;15:01:15;2026-08-11;15:07:43;
00164;1;3;PT. INBISCO NIAGATAMA SEMESTA;2026-08-01;2026-12-31;2026-08-11;GF/000049/LOC/9919/08/2026;;TANGERANG;9919; 50000000;;2026-08-11;15:34:31;2026-08-11;15:38:15;
00164;1;3;PT. INBISCO NIAGATAMA SEMESTA;2026-08-01;2026-12-31;2026-08-11;GF/000050/LOC/9919/08/2026;;TANGERANG;9919; 50000000;;2026-08-11;15:39:20;2026-08-11;15:40:15;
00164;1;3;PT. INBISCO NIAGATAMA SEMESTA;2026-08-01;2026-12-31;2026-08-11;GF/000051/LOC/9919/08/2026;;TANGERANG;9919; 25000000;;2026-08-11;15:41:53;2026-08-11;15:43:57;
00262;1;3;PT. NIRWANA LESTARI;2026-04-15;2026-05-14;2026-08-10;GF/000052/LOC/9912/08/2026;;BALI;9912;  4000000;;2026-08-10;12:25:45;2026-08-10;12:27:31;
06067;1;3;PT. BALINA AGUNG PERKASA (NESTLE);2026-09-01;2026-09-30;2026-08-11;GF/000113/LOC/9908/08/2026;;TANGERANG, BANTEN;9908;  4000000;;2026-08-11;14:34:21;2026-08-11;14:37:50;
00263;1;3;PT. MASUYA GRAHA TRIKENCANA;2026-08-16;2026-11-15;2026-08-11;GF/000119/LOC/9902/08/2026;;DKI JAKARTA;9902; 24000000;;2026-08-11;14:17:01;2026-08-11;14:21:28;
06067;1;3;PT. BALINA AGUNG PERKASA (NESTLE);2026-10-01;2026-12-31;2026-08-11;GF/000120/LOC/9902/08/2026;;DKI JAKARTA;9902; 12000000;;2026-08-11;15:49:36;2026-08-11;15:55:44;
00508;1;3;PT. SUKANDA DJAYA;2025-01-01;2025-12-31;2026-08-06;GF/000125/LOC/9903/08/2026;;DKI JAKARTA;9903;100000000;;2026-08-06;11:29:16;2026-08-06;11:29:52;
06067;1;3;PT. BALINA AGUNG PERKASA (NESTLE);2026-09-01;2026-09-30;2026-08-11;GF/000126/LOC/9903/08/2026;;DKI JAKARTA;9903; 10000000;;2026-08-11;14:39:37;2026-08-11;14:47:13;
06067;1;3;PT. BALINA AGUNG PERKASA (NESTLE);2026-10-01;2026-12-31;2026-08-11;GF/000127/LOC/9903/08/2026;;DKI JAKARTA;9903; 30000000;;2026-08-11;15:56:37;2026-08-11;15:58:05;
05564;1;3;PT. TIGARAKSA SATRIA TBK (MAHORAHORA);2026-08-08;2026-12-07;2026-08-06;GF/000239/LOC/8001/08/2026;;JAKARTA SELATAN;8001; 20000000;;2026-08-06;08:55:57;2026-08-06;08:57:11;
00262;1;3;PT. NIRWANA LESTARI;2026-07-01;2026-09-30;2026-08-10;GF/000240/LOC/8001/08/2026;;JAKARTA SELATAN;8001; 15000000;;2026-08-10;12:14:43;2026-08-10;12:16:22;
00262;1;3;PT. NIRWANA LESTARI;2026-01-01;2026-12-31;2026-08-10;GF/000241/LOC/8001/08/2026;;JAKARTA SELATAN;8001;110000000;;2026-08-10;12:17:46;2026-08-10;12:19:06;
00262;1;3;PT. NIRWANA LESTARI;2026-04-28;2026-05-27;2026-08-10;GF/000242/LOC/8001/08/2026;;JAKARTA SELATAN;8001;  4000000;;2026-08-10;12:20:07;2026-08-10;12:21:55;
04045;1;3;PT. ENSEVAL PUTERA MEGATRADING (LM);2026-08-11;2026-08-11;2026-08-11;GF/000244/LOC/8001/08/2026;;JAKARTA SELATAN;8001;  7500000;SUPPORT NEW ITEM;2026-08-11;09:58:14;2026-08-11;09:59:04;
00319;1;3;PT. MITRA SARANA PURNAMA;2026-08-11;2026-08-11;2026-08-11;GF/000246/LOC/8001/08/2026;;JAKARTA SELATAN;8001;  5000000;SUPPORT NEW ITEM;2026-08-11;11:27:59;2026-08-12;09:26:24;
00508;1;3;PT. SUKANDA DJAYA;2026-08-11;2026-08-11;2026-08-11;GF/000247/LOC/8001/08/2026;;JAKARTA SELATAN;8001; 30000000;SUPPORT NEW ITEM;2026-08-11;14:04:44;2026-08-11;14:05:45;
05805;1;3;PT. SARI AGROTAMA PERSADA;2026-11-01;2027-01-31;2026-08-11;GF/000248/LOC/8001/08/2026;;JAKARTA SELATAN;8001;  9000000;;2026-08-11;14:26:33;2026-08-11;14:31:35;
01572;1;3;PT. SUKANDA DJAYA;2026-08-11;2026-08-11;2026-08-11;GF/000249/LOC/8001/08/2026;;JAKARTA SELATAN;8001; 22500000;SUPPORT NEW ITEM;2026-08-11;14:52:13;2026-08-11;14:53:41;
00164;1;3;PT. INBISCO NIAGATAMA SEMESTA;2026-08-11;2026-08-11;2026-08-11;GF/000252/LOC/8001/08/2026;;JAKARTA SELATAN;8001;  7500000;SUPPORT NEW ITEM;2026-08-11;17:24:28;2026-08-11;17:26:02;
00164;1;3;PT. INBISCO NIAGATAMA SEMESTA;2026-08-11;2026-08-11;2026-08-11;GF/000253/LOC/8001/08/2026;;JAKARTA SELATAN;8001;  7500000;SUPPORT NEW ITEM;2026-08-11;17:34:21;2026-08-11;17:35:39;
00164;1;3;PT. INBISCO NIAGATAMA SEMESTA;2026-08-11;2026-08-11;2026-08-11;GF/000254/LOC/8001/08/2026;;JAKARTA SELATAN;8001;  7500000;SUPPORT NEW ITEM;2026-08-11;17:37:22;2026-08-11;17:38:25;
04163;1;3;PT. HANWA INDONESIA;2026-08-12;2026-08-12;2026-08-12;GF/000255/LOC/8001/08/2026;;JAKARTA SELATAN;8001;  2000000;;2026-08-12;09:37:08;2026-08-12;09:41:27;
04435;2;3;PT. CATUR SENTOSA ANUGERAH (HIT);2026-09-01;2026-12-31;2026-08-05;GNF/000033/LOC/8002/08/2026;;DKI JAKARTA;8002;  8000000;;2026-08-05;16:05:11;2026-08-05;16:06:49;
01521;2;3;PT. PERFECT COMPANION INDONESIA;2026-09-01;2027-04-30;2026-08-05;GNF/000034/LOC/8002/08/2026;;DKI JAKARTA;8002; 40000000;;2026-08-05;16:07:11;2026-08-05;16:08:10;
03763;2;3;PT. CATUR SENTOSA ANUGERAH (PASEO);2026-09-01;2026-09-30;2026-08-05;GNF/000035/LOC/8002/08/2026;;DKI JAKARTA;8002; 12000000;;2026-08-05;16:08:24;2026-08-05;16:10:25;
06063;2;3;PT. RAMASURYA PERKASA DISTRINDO;2026-09-01;2026-11-30;2026-08-05;GNF/000036/LOC/8002/08/2026;;DKI JAKARTA;8002;  4500000;;2026-08-05;16:10:36;2026-08-06;15:29:34;
03554;2;3;PT. INDOMARCO ADI PRIMA;2026-09-01;2026-11-30;2026-08-05;GNF/000037/LOC/8002/08/2026;;DKI JAKARTA;8002;        0;;2026-08-05;16:12:09;2026-08-05;16:13:09;
03141;2;3;PT. VICTORIA CARE INDONESIA;2026-09-01;2027-08-31;2026-08-05;GNF/000043/LOC/9901/08/2026;;BALI;9901; 40000000;;2026-08-05;16:20:18;2026-08-05;16:22:13;
05666;2;3;PT. BORWITA CITRA PRIMA (G2G);2026-08-01;2026-10-31;2026-08-07;GNF/000048/LOC/9901/08/2026;;BALI;9901;  6000000;;2026-08-07;13:51:21;2026-08-07;13:52:14;
00872;2;3;PT. MUSTIKA RATU BUANA INTERNATIONAL;2026-09-01;2027-02-28;2026-08-05;GNF/000050/LOC/9912/08/2026;;BALI;9912; 10000000;;2026-08-05;17:30:57;2026-08-05;17:34:07;
04692;2;3;CV. MITRA PEMENANG (BALI);2026-09-01;2026-11-30;2026-08-05;GNF/000051/LOC/9912/08/2026;;BALI;9912;  3600000;;2026-08-05;17:34:32;2026-08-05;17:35:25;
01920;2;3;PT. DELTA SATRIA DEWATA (L'OREAL/BALI);2026-08-01;2027-07-31;2026-08-06;GNF/000052/LOC/9912/08/2026;;BALI;9912; 36000000;;2026-08-06;14:57:26;2026-08-06;14:58:40;
03472;2;3;PT. SEMESTA DISTRIBUSI INDONESIA;2025-12-24;2026-12-23;2026-08-05;GNF/000060/LOC/9916/08/2026;;JAWA BARAT;9916; 12000000;;2026-08-05;11:52:32;2026-08-05;11:57:54;
06063;2;3;PT. RAMASURYA PERKASA DISTRINDO;2026-09-01;2026-11-30;2026-08-06;GNF/000061/LOC/9916/08/2026;;JAWA BARAT;9916;  4500000;;2026-08-06;09:59:08;2026-08-06;15:28:45;
00872;2;3;PT. MUSTIKA RATU BUANA INTERNATIONAL;2026-09-01;2027-02-28;2026-08-06;GNF/000062/LOC/9916/08/2026;;JAWA BARAT;9916; 10000000;;2026-08-06;10:00:43;2026-08-06;10:01:44;
00430;2;3;PT. SAYAP MAS UTAMA (SCBD/RD/PRG);2026-09-01;2026-11-30;2026-08-06;GNF/000063/LOC/9916/08/2026;;JAWA BARAT;9916; 12500000;RAISER;2026-08-06;10:01:54;2026-08-06;10:03:04;
02934;2;3;PT. BINA SAN PRIMA (ENERGIZER/NF);2026-09-01;2026-11-30;2026-08-06;GNF/000064/LOC/9916/08/2026;;JAWA BARAT;9916;   500000;;2026-08-06;10:03:15;2026-08-06;10:08:47;
00430;2;3;PT. SAYAP MAS UTAMA (SCBD/RD/PRG);2026-09-01;2026-11-30;2026-08-06;GNF/000065/LOC/9916/08/2026;;JAWA BARAT;9916; 18000000;;2026-08-06;10:08:58;2026-08-06;10:10:08;
00430;2;3;PT. SAYAP MAS UTAMA (SCBD/RD/PRG);2026-09-01;2026-11-30;2026-08-06;GNF/000066/LOC/9916/08/2026;;JAWA BARAT;9916; 15000000;;2026-08-06;10:10:23;2026-08-06;10:11:02;
02662;2;3;PT. CATUR SENTOSA ANUGERAH (J&J);2026-09-01;2026-11-30;2026-08-05;GNF/000080/LOC/9918/08/2026;;DKI JAKARTA;9918; 12500000;;2026-08-05;17:49:42;2026-08-05;17:57:10;
00872;2;3;PT. MUSTIKA RATU BUANA INTERNATIONAL;2026-09-01;2027-02-28;2026-08-05;GNF/000081/LOC/9918/08/2026;;DKI JAKARTA;9918; 10000000;;2026-08-05;17:57:51;2026-08-05;17:59:15;
03554;2;3;PT. INDOMARCO ADI PRIMA;2026-09-01;2026-11-30;2026-08-06;GNF/000082/LOC/9918/08/2026;;DKI JAKARTA;9918;        0;;2026-08-06;09:52:50;2026-08-06;09:54:11;
00964;2;3;PT. BAHTERA CIPTA RAGA PRIMA;2026-09-01;2026-11-30;2026-08-06;GNF/000083/LOC/9918/08/2026;;DKI JAKARTA;9918;  3000000;BLOKING 1 SELVING AREA REGULER;2026-08-06;09:54:42;2026-08-06;09:55:49;
01309;2;3;PT. ARTA BOGA CEMERLANG;2026-09-01;2026-11-30;2026-08-06;GNF/000084/LOC/9918/08/2026;;DKI JAKARTA;9918; 30000000;;2026-08-06;09:56:18;2026-08-06;09:57:47;
05740;2;3;PT. PROSPERA AGENG SEJAHTERA;2026-07-01;2026-10-31;2026-08-07;GNF/000087/LOC/9918/08/2026;;DKI JAKARTA;9918; 12000000;;2026-08-07;13:48:01;2026-08-07;13:49:50;
05994;2;3;PT. TANTRI DELTA UTAMA (ENESIS/MARKETAMA;2026-08-11;2026-08-31;2026-08-11;GNF/000106/LOC/9920/08/2026;;BALI;9920;  3000000;;2026-08-11;10:46:55;2026-08-11;11:11:25;
05576;2;3;PT. SINERGI HARAPAN SUKSES;2026-09-01;2027-08-31;2026-08-06;GNF/000110/LOC/9903/08/2026;;DKI JAKARTA;9903; 30000000;;2026-08-06;10:35:11;2026-08-06;10:37:43;
06063;2;3;PT. RAMASURYA PERKASA DISTRINDO;2026-09-01;2026-11-30;2026-08-06;GNF/000112/LOC/9903/08/2026;;DKI JAKARTA;9903;  6000000;;2026-08-06;10:40:12;2026-08-06;15:26:12;
02662;2;3;PT. CATUR SENTOSA ANUGERAH (J&J);2026-09-01;2026-11-30;2026-08-06;GNF/000113/LOC/9903/08/2026;;DKI JAKARTA;9903; 12500000;;2026-08-06;10:42:23;2026-08-06;10:44:40;
00964;2;3;PT. BAHTERA CIPTA RAGA PRIMA;2026-07-01;2026-09-30;2026-08-06;GNF/000114/LOC/9903/08/2026;;DKI JAKARTA;9903;  3000000;BLOKING 1 SHELVING AREA REGULER;2026-08-06;10:44:50;2026-08-07;12:32:20;
03748;2;3;PT. SAI INDONESIA;2026-09-01;2026-12-31;2026-08-06;GNF/000115/LOC/9903/08/2026;;DKI JAKARTA;9903;  4000000;BLOKING 1 SHELVING REGULER;2026-08-06;10:46:03;2026-08-06;10:46:59;
03748;2;3;PT. SAI INDONESIA;2026-09-01;2026-12-31;2026-08-06;GNF/000116/LOC/9903/08/2026;;DKI JAKARTA;9903;  2000000;BLOKING 1/2 SHELVING REGULER;2026-08-06;10:47:09;2026-08-06;10:49:39;
04435;2;3;PT. CATUR SENTOSA ANUGERAH (HIT);2026-09-01;2026-12-31;2026-08-06;GNF/000117/LOC/9903/08/2026;;DKI JAKARTA;9903;  8000000;;2026-08-06;10:47:24;2026-08-06;10:54:34;
03763;2;3;PT. CATUR SENTOSA ANUGERAH (PASEO);2026-09-01;2026-11-30;2026-08-06;GNF/000118/LOC/9903/08/2026;;DKI JAKARTA;9903; 15000000;;2026-08-06;10:54:43;2026-08-06;10:56:40;
00872;2;3;PT. MUSTIKA RATU BUANA INTERNATIONAL;2026-09-01;2027-02-28;2026-08-05;GNF/000119/LOC/9902/08/2026;;DKI JAKARTA;9902; 10000000;;2026-08-05;16:45:35;2026-08-05;16:46:33;
02525;2;3;PT. DOCARE LARAS INDONESIA;2026-09-01;2026-11-30;2026-08-06;GNF/000119/LOC/9903/08/2026;;DKI JAKARTA;9903;  3000000;COC 1 SELVING;2026-08-06;10:56:52;2026-08-06;10:57:41;
04435;2;3;PT. CATUR SENTOSA ANUGERAH (HIT);2026-09-01;2026-12-31;2026-08-05;GNF/000120/LOC/9902/08/2026;;DKI JAKARTA;9902;  8000000;;2026-08-05;16:46:46;2026-08-05;16:48:57;
06063;2;3;PT. RAMASURYA PERKASA DISTRINDO;2026-09-01;2026-11-30;2026-08-06;GNF/000120/LOC/9903/08/2026;;DKI JAKARTA;9903;  7500000;;2026-08-06;10:57:55;2026-08-06;15:27:36;
00430;2;3;PT. SAYAP MAS UTAMA (SCBD/RD/PRG);2026-09-01;2027-08-31;2026-08-05;GNF/000121/LOC/9902/08/2026;;DKI JAKARTA;9902; 40000000;BRANDING + BLOKING;2026-08-05;16:49:13;2026-08-06;16:07:28;
05885;2;3;PT. MENARA ABADI SOFINDO;2026-09-01;2026-11-30;2026-08-06;GNF/000121/LOC/9903/08/2026;;DKI JAKARTA;9903; 15000000;;2026-08-06;10:58:55;2026-08-06;10:59:38;
03554;2;3;PT. INDOMARCO ADI PRIMA;2026-09-01;2026-11-30;2026-08-05;GNF/000122/LOC/9902/08/2026;;DKI JAKARTA;9902;        0;;2026-08-05;16:57:16;2026-08-05;16:58:30;
03554;2;3;PT. INDOMARCO ADI PRIMA;2026-09-01;2026-11-30;2026-08-06;GNF/000122/LOC/9903/08/2026;;DKI JAKARTA;9903;        0;;2026-08-06;10:59:48;2026-08-06;11:01:54;
00430;2;3;PT. SAYAP MAS UTAMA (SCBD/RD/PRG);2026-09-01;2026-11-30;2026-08-05;GNF/000123/LOC/9902/08/2026;;DKI JAKARTA;9902; 30000000;;2026-08-05;16:58:44;2026-08-05;17:02:13;
02152;2;3;PT. BAHTERA CIPTA RAGA PRIMA (SHICK/NF);2026-09-01;2026-11-30;2026-08-06;GNF/000123/LOC/9903/08/2026;;DKI JAKARTA;9903;  9000000;;2026-08-06;11:02:05;2026-08-06;11:02:55;
00595;2;3;PT. DUA BERLIAN;2026-09-01;2027-02-28;2026-08-05;GNF/000124/LOC/9902/08/2026;;DKI JAKARTA;9902; 42000000;;2026-08-05;17:02:29;2026-08-05;17:03:30;
01303;2;3;PT. TIGARAKSA SATRIA TBK;2026-09-01;2026-12-31;2026-08-06;GNF/000125/LOC/9903/08/2026;;DKI JAKARTA;9903; 24000000;;2026-08-06;11:00:03;2026-08-06;11:15:10;
01303;2;3;PT. TIGARAKSA SATRIA TBK;2026-09-01;2026-12-31;2026-08-06;GNF/000126/LOC/9903/08/2026;;DKI JAKARTA;9903; 24000000;;2026-08-06;11:16:26;2026-08-06;16:10:36;
00289;2;3;PT. PANCA TALENTA MAS;2026-09-01;2026-12-31;2026-08-06;GNF/000127/LOC/9903/08/2026;;DKI JAKARTA;9903; 32000000;;2026-08-06;11:18:24;2026-08-06;11:19:26;
04962;2;3;PT. CATUR SENTOSA ADIPRIMA (JKT);2026-09-01;2026-12-31;2026-08-06;GNF/000128/LOC/9903/08/2026;;DKI JAKARTA;9903; 40000000;;2026-08-06;11:19:36;2026-08-06;11:20:14;
04962;2;3;PT. CATUR SENTOSA ADIPRIMA (JKT);2026-09-01;2026-12-31;2026-08-06;GNF/000129/LOC/9903/08/2026;;DKI JAKARTA;9903; 40000000;;2026-08-06;11:20:23;2026-08-06;11:21:01;
03554;2;3;PT. INDOMARCO ADI PRIMA;2026-09-01;2026-12-31;2026-08-06;GNF/000130/LOC/9903/08/2026;;DKI JAKARTA;9903; 40000000;;2026-08-06;11:21:11;2026-08-06;11:22:00;
05826;2;3;PT. SURYA PANGAN SEJAHTERA;2026-09-01;2027-02-28;2026-08-06;GNF/000148/LOC/9908/08/2026;;TANGERANG, BANTEN;9908; 20000000;;2026-08-06;10:12:16;2026-08-06;10:13:25;
02634;2;3;PT. PARAMA GLOBAL INSPIRA (WARDAH/NF);2026-09-01;2026-12-31;2026-08-06;GNF/000149/LOC/9908/08/2026;;TANGERANG, BANTEN;9908;  6700000;;2026-08-06;10:13:37;2026-08-06;10:16:53;
02662;2;3;PT. CATUR SENTOSA ANUGERAH (J&J);2026-09-01;2026-11-30;2026-08-06;GNF/000150/LOC/9908/08/2026;;TANGERANG, BANTEN;9908;  9000000;;2026-08-06;10:17:04;2026-08-06;10:19:33;
01253;2;3;PT. UNILEVER INDONESIA TBK;2026-09-01;2026-11-30;2026-08-06;GNF/000151/LOC/9908/08/2026;;TANGERANG, BANTEN;9908; 10000000;;2026-08-06;10:19:45;2026-08-06;10:20:41;
02934;2;3;PT. BINA SAN PRIMA (ENERGIZER/NF);2026-09-01;2026-12-31;2026-08-06;GNF/000152/LOC/9908/08/2026;;TANGERANG, BANTEN;9908; 12000000;;2026-08-06;10:20:52;2026-08-06;10:23:17;
02634;2;3;PT. PARAMA GLOBAL INSPIRA (WARDAH/NF);2026-09-01;2026-12-31;2026-08-06;GNF/000153/LOC/9908/08/2026;;TANGERANG, BANTEN;9908;  4400000;;2026-08-06;10:23:47;2026-08-06;10:24:58;
02495;2;3;PT. UNIRAMA DUTA NIAGA (OTC/NF);2026-09-01;2026-09-30;2026-08-06;GNF/000154/LOC/9908/08/2026;;TANGERANG, BANTEN;9908;  5000000;;2026-08-06;10:25:10;2026-08-06;16:22:31;
00289;2;3;PT. PANCA TALENTA MAS;2026-09-01;2026-12-31;2026-08-06;GNF/000156/LOC/9908/08/2026;;TANGERANG, BANTEN;9908; 40000000;;2026-08-06;10:27:36;2026-08-06;10:28:34;
04435;2;3;PT. CATUR SENTOSA ANUGERAH (HIT);2026-09-01;2026-12-31;2026-08-06;GNF/000157/LOC/9908/08/2026;;TANGERANG, BANTEN;9908;  8000000;;2026-08-06;10:28:47;2026-08-06;10:30:11;
00508;1;3;PT. SUKANDA DJAYA;2025-01-01;2025-12-31;2026-08-06;GNF/000158/LOC/9908/08/2026;;TANGERANG, BANTEN;9908;100000000;;2026-08-06;11:25:20;2026-08-06;11:28:35;
00841;2;3;PT. ANTARMITRA SEMBADA;2026-09-01;2026-12-31;2026-08-11;GNF/000159/LOC/9908/08/2026;;TANGERANG, BANTEN;9908; 16000000;;2026-08-11;09:19:55;2026-08-11;09:22:00;
02946;2;3;PT. KAIFA INDONESIA;2026-09-01;2026-10-31;2026-08-05;GNF/000177/LOC/9919/08/2026;;TANGERANG;9919;  4000000;;2026-08-05;17:37:59;2026-08-05;17:39:37;
02495;2;3;PT. UNIRAMA DUTA NIAGA (OTC/NF);2026-09-01;2026-09-30;2026-08-06;GNF/000179/LOC/9919/08/2026;;TANGERANG;9919;  5000000;;2026-08-06;15:44:11;2026-08-06;15:47:57;
03748;2;3;PT. SAI INDONESIA;2026-09-01;2027-02-28;2026-08-11;GNF/000188/LOC/9919/08/2026;;TANGERANG;9919; 15000000;;2026-08-11;17:15:30;2026-08-11;18:03:09;
01521;2;3;PT. PERFECT COMPANION INDONESIA;2026-08-01;2026-12-31;2026-08-05;GNF/000433/LOC/8001/08/2026;;JAKARTA SELATAN;8001; 20000000;;2026-08-05;09:56:59;2026-08-05;09:59:11;
05826;2;3;PT. SURYA PANGAN SEJAHTERA;2026-09-01;2027-02-28;2026-08-05;GNF/000434/LOC/8001/08/2026;;JAKARTA SELATAN;8001; 20000000;;2026-08-05;14:49:12;2026-08-05;14:52:14;
06063;2;3;PT. RAMASURYA PERKASA DISTRINDO;2026-09-01;2026-11-30;2026-08-05;GNF/000435/LOC/8001/08/2026;;JAKARTA SELATAN;8001;  8750000;;2026-08-05;14:54:29;2026-08-05;14:58:16;
02662;2;3;PT. CATUR SENTOSA ANUGERAH (J&J);2026-09-01;2026-11-30;2026-08-05;GNF/000436/LOC/8001/08/2026;;JAKARTA SELATAN;8001; 12500000;;2026-08-05;15:00:16;2026-08-05;15:01:52;
00605;2;3;PT. KOTAMAS MAKMUR NATIONAL AGENCY;2026-09-01;2027-08-31;2026-08-05;GNF/000437/LOC/8001/08/2026;;JAKARTA SELATAN;8001;  8000000;HOUSEWARE;2026-08-05;15:02:44;2026-08-06;14:19:58;
02616;2;3;PT. SEJAHTERA RODAMASA;2026-09-01;2027-08-31;2026-08-05;GNF/000438/LOC/8001/08/2026;;JAKARTA SELATAN;8001;  6500000;HOUSEWARE;2026-08-05;15:03:48;2026-08-06;14:25:30;
02616;2;3;PT. SEJAHTERA RODAMASA;2026-09-01;2027-08-31;2026-08-05;GNF/000439/LOC/8001/08/2026;;JAKARTA SELATAN;8001;  6500000;HOUSEWARE;2026-08-05;15:04:49;2026-08-06;14:26:07;
02292;2;3;PT. BRATASENA JAYA (JKT);2026-09-01;2027-08-31;2026-08-05;GNF/000440/LOC/8001/08/2026;;JAKARTA SELATAN;8001; 10000000;HOUSEWARE;2026-08-05;15:05:45;2026-08-06;14:26:46;
00604;2;3;PT. TRI WAHANA LARAS;2026-09-01;2027-08-31;2026-08-05;GNF/000441/LOC/8001/08/2026;;JAKARTA SELATAN;8001; 18000000;HOUSEWARE;2026-08-05;15:06:44;2026-08-06;14:27:59;
03939;2;3;PT. GRANARY SUBUR JAYA;2026-09-01;2027-08-31;2026-08-05;GNF/000442/LOC/8001/08/2026;;JAKARTA SELATAN;8001;  5000000;HOUSEWARE;2026-08-05;15:07:36;2026-08-06;14:28:29;
00605;2;3;PT. KOTAMAS MAKMUR NATIONAL AGENCY;2026-09-01;2027-08-31;2026-08-05;GNF/000443/LOC/8001/08/2026;;JAKARTA SELATAN;8001;  8000000;HOUSEWARE 1 ELEMENT;2026-08-05;15:08:32;2026-08-06;14:29:06;
00605;2;3;PT. KOTAMAS MAKMUR NATIONAL AGENCY;2026-09-01;2027-08-31;2026-08-05;GNF/000444/LOC/8001/08/2026;;JAKARTA SELATAN;8001; 16000000;HOUSEWARE 2 ELEMENT;2026-08-05;15:10:27;2026-08-06;14:29:44;
00605;2;3;PT. KOTAMAS MAKMUR NATIONAL AGENCY;2026-09-01;2027-08-31;2026-08-05;GNF/000445/LOC/8001/08/2026;;JAKARTA SELATAN;8001; 16000000;HOUSEWARE 2 ELEMENT;2026-08-05;15:11:48;2026-08-06;14:30:18;
02960;2;3;PT. PRISMA MAS SEMESTA;2026-09-01;2027-08-31;2026-08-05;GNF/000446/LOC/8001/08/2026;;JAKARTA SELATAN;8001;  7000000;HOUSEWARE;2026-08-05;15:13:06;2026-08-06;14:30:53;
01521;2;3;PT. PERFECT COMPANION INDONESIA;2026-09-01;2026-12-31;2026-08-05;GNF/000447/LOC/8001/08/2026;;JAKARTA SELATAN;8001; 12000000;BLOKING 3 SELVING EYES LEVEL;2026-08-05;15:22:45;2026-08-06;14:31:49;
03748;2;3;PT. SAI INDONESIA;2026-09-01;2026-11-30;2026-08-05;GNF/000448/LOC/8001/08/2026;;JAKARTA SELATAN;8001;  1500000;;2026-08-05;15:31:33;2026-08-05;15:33:29;
00298;2;3;PT. MILLENNIUM PHARMACON INTERNATIONAL;2026-09-01;2027-08-31;2026-08-05;GNF/000449/LOC/8001/08/2026;;JAKARTA SELATAN;8001; 36000000;BLOKING + FRAMING;2026-08-05;15:33:45;2026-08-06;14:32:27;
03554;2;3;PT. INDOMARCO ADI PRIMA;2026-09-01;2026-11-30;2026-08-05;GNF/000450/LOC/8001/08/2026;;JAKARTA SELATAN;8001;        0;;2026-08-05;15:38:36;2026-08-05;15:42:31;
06003;2;3;PT. SARANA ABADI MAKMUR BERSAMA (AR FUM);2026-09-01;2027-08-31;2026-08-05;GNF/000451/LOC/8001/08/2026;;JAKARTA SELATAN;8001;  7500000;;2026-08-05;15:42:43;2026-08-05;15:45:56;
01253;2;3;PT. UNILEVER INDONESIA TBK;2026-09-01;2026-10-31;2026-08-05;GNF/000452/LOC/8001/08/2026;;JAKARTA SELATAN;8001; 14000000;;2026-08-05;15:46:29;2026-08-05;15:52:36;
01309;2;3;PT. ARTA BOGA CEMERLANG;2026-09-01;2026-11-30;2026-08-05;GNF/000453/LOC/8001/08/2026;;JAKARTA SELATAN;8001; 21000000;TG BELAKANG;2026-08-05;15:55:06;2026-08-06;14:32:59;
05098;4;3;PT. GREENFIELDS INDONESIA(DF);2026-08-06;2026-08-06;2026-08-06;GNF/000454/LOC/8001/08/2026;;JAKARTA SELATAN;8001;  5000000;;2026-08-06;10:41:17;2026-08-06;10:42:09;
00038;2;3;PT. BINA SAN PRIMA;2026-08-10;2026-11-10;2026-08-06;GNF/000455/LOC/8001/08/2026;;JAKARTA SELATAN;8001;  3000000;;2026-08-06;12:00:27;2026-08-06;12:01:40;
02495;2;3;PT. UNIRAMA DUTA NIAGA (OTC/NF);2026-09-01;2026-09-30;2026-08-06;GNF/000456/LOC/8001/08/2026;;JAKARTA SELATAN;8001;  5000000;;2026-08-06;14:37:38;2026-08-06;14:42:39;
04029;2;3;PT. SARANA ABADI MAKMUR BERSAMA (KINO);2026-08-07;2026-08-31;2026-08-07;GNF/000457/LOC/8001/08/2026;;JAKARTA SELATAN;8001; 20000000;;2026-08-07;11:24:41;2026-08-07;11:27:29;
02549;2;3;PT. BINA SAN PRIMA(BYGN/SCBD/RD/PRG/NF);2026-08-07;2026-08-31;2026-08-07;GNF/000458/LOC/8001/08/2026;;JAKARTA SELATAN;8001; 10000000;;2026-08-07;11:29:52;2026-08-07;14:40:46;
03838;2;3;PT. MENSA BINASUKSES (BIODERMA);2026-08-07;2026-08-31;2026-08-07;GNF/000459/LOC/8001/08/2026;;JAKARTA SELATAN;8001;  2000000;;2026-08-07;11:34:26;2026-08-07;11:36:32;
00583;2;3;PT. PARIT PADANG GLOBAL;2026-08-10;2026-08-31;2026-08-10;GNF/000460/LOC/8001/08/2026;;JAKARTA SELATAN;8001;  1000000;;2026-08-10;15:46:38;2026-08-11;09:39:51;
01521;2;3;PT. PERFECT COMPANION INDONESIA;2026-09-01;2026-11-30;2026-08-11;GNF/000461/LOC/8001/08/2026;;JAKARTA SELATAN;8001; 12000000;;2026-08-11;09:23:51;2026-08-11;09:24:59;
00534;2;3;PT. TIGARAKSA SATRIA TBK;2026-08-11;2026-08-31;2026-08-11;GNF/000462/LOC/8001/08/2026;;JAKARTA SELATAN;8001;  3000000;;2026-08-11;16:22:22;2026-08-11;16:26:30;
